id,email,password,birthday,gender,isadmin
1,Dean@gmail.com,qG3Jd4dX,2007-04-30,M,true
2,Emmer@gmail.com,SGTgr2tX,1990-11-08,F,false
3,Minna@gmail.com,lqJh0ZBv,2005-10-17,F,false
4,Euphemia@gmail.com,aQkfWnNz,2000-11-09,F,false
5,Jewell@gmail.com,CTGV8ucM,2002-10-12,F,false
6,Avis@gmail.com,OJ3koE6u,1999-04-28,F,false
7,Hays@gmail.com,4fMJNsLF,1995-02-18,M,false
8,Edmonia@gmail.com,bOMcXUQ8,1969-06-13,F,false
9,Guss@gmail.com,7WZejazK,1978-10-01,M,false
10,Ivy@gmail.com,Y6Lfnw_1,1971-05-17,F,false
11,Ferdinand@gmail.com,sQ85UIKo,1929-04-10,M,false
12,Wyatt@gmail.com,tbcVAyhJ,1934-03-24,M,false
13,Lola@gmail.com,yvIkhodI,2004-04-03,F,false
14,Bernadette@gmail.com,E1s3Zynv,1997-04-02,F,false
15,Friend@gmail.com,6885HlVS,1939-05-31,M,false
16,Laurence@gmail.com,ab7eyuXw,1975-11-11,M,false
17,Cecile@gmail.com,BI4NXYg7,2009-01-21,F,false
18,Raleigh@gmail.com,ukErHIiG,1939-08-23,M,false
19,Phil@gmail.com,eGtQbdm4,2003-08-27,M,false
20,Bailey@gmail.com,BmGsJsvy,1938-10-14,M,false
21,Burley@gmail.com,HY7eRRO4,1940-05-14,M,false
22,Pleas@gmail.com,x_0e7BGX,1931-11-08,M,false
23,Edson@gmail.com,VY7m70Do,1963-02-20,M,false
24,Pablo@gmail.com,eK9rzZ3D,1929-10-21,M,false
25,Dempsey@gmail.com,m4HO4QIw,1943-12-03,M,false
26,Eulalia@gmail.com,a470uj9g,1954-12-31,F,false
27,Bart@gmail.com,GCYn_rsa,1995-09-12,M,false
28,Bryant@gmail.com,ISagaaNo,1990-09-05,M,false
29,Randall@gmail.com,B__hTD0f,1989-12-14,M,false
30,Isaac@gmail.com,mT8WhIzA,1961-06-20,M,false
31,Alexander@gmail.com,mujZTHVT,1937-12-12,M,false
32,Mal@gmail.com,U8NNyHHB,1991-01-06,M,false
33,Jimmie@gmail.com,0HuvVlsk,1946-06-07,F,false
34,Nella@gmail.com,bIyPmXqd,2008-12-29,F,false
35,Media@gmail.com,I6xKCks9,2008-03-04,F,false
36,Nimrod@gmail.com,h4eYcbCe,1964-04-28,M,false
37,Neil@gmail.com,gyT4_Yhp,1977-10-19,M,false
38,Jannie@gmail.com,w2ylhwAs,2000-02-13,F,false
39,Barbara@gmail.com,eAEzh6Br,1938-03-16,F,false
40,Elton@gmail.com,vRQd4HPB,1994-06-22,M,false
41,Emile@gmail.com,Ei7Toroi,1933-03-16,M,false
42,Josie@gmail.com,8kDasugL,1961-09-16,F,false
43,Sara@gmail.com,Gu1L5nhc,1938-08-16,F,false
44,Chesley@gmail.com,l70f_H77,1941-09-13,M,false
45,Freda@gmail.com,fxtVPNR0,1953-06-06,F,false
46,Chauncey@gmail.com,vvZPmxls,2010-12-24,M,false
47,Eben@gmail.com,ql2no_8a,2009-03-09,M,false
48,Hoy@gmail.com,wDQtwYwM,1927-11-15,M,false
49,Lyle@gmail.com,q2km7ER4,1970-03-17,M,false
50,Allison@gmail.com,NVRoN3ef,1960-08-06,M,false
51,Millard@gmail.com,nARORq__,1942-03-22,M,false
52,Hector@gmail.com,imTfkM2d,1961-02-25,M,false
53,Vina@gmail.com,su9YUPWg,1958-11-27,F,false
54,Oren@gmail.com,EkXNufI3,2002-12-01,M,false
55,Era@gmail.com,gfBCJgXu,1985-07-22,F,false
56,Hugh@gmail.com,okzFLlbj,1950-11-26,M,false
57,Blaine@gmail.com,UX0sA3Z2,1937-03-20,M,false
58,Malinda@gmail.com,6N0eaki5,2002-12-10,F,false
59,Mena@gmail.com,OLyutVQs,1968-04-19,F,false
60,Lon@gmail.com,tVik8Vwu,2005-05-03,M,false
61,Willam@gmail.com,aMF_IVSG,1929-07-21,M,false
62,Leila@gmail.com,iFr6QrI_,1939-05-21,F,false
63,Gerald@gmail.com,28va1qEj,1965-01-25,M,false
64,Doshia@gmail.com,bSFc39Yg,1981-07-22,F,false
65,Ottilia@gmail.com,M5IX9ptK,1987-04-28,F,false
66,Aron@gmail.com,rssHE5DU,1992-06-13,M,false
67,Wilford@gmail.com,DFZhDytd,1992-07-26,M,false
68,Camille@gmail.com,8EfT6dRg,2001-04-22,F,false
69,West@gmail.com,gRRVB6Iz,1998-03-09,M,false
70,Alta@gmail.com,9TO3x0ON,1966-08-31,F,false
71,Gary@gmail.com,cWv0urdg,2001-03-24,M,false
72,Emelie@gmail.com,Au2rODXk,1995-08-30,F,false
73,Andrew@gmail.com,srIVcczq,1975-05-16,M,false
74,Sue@gmail.com,YvbguiVf,1942-04-27,F,false
75,Christine@gmail.com,Y1Rgq0ZB,1942-10-19,F,false
76,Salome@gmail.com,Ltssib74,1977-04-15,F,false
77,Vida@gmail.com,NICVkpEr,1992-05-14,F,false
78,June@gmail.com,fkW7Sgak,1944-08-23,F,false
79,Cassie@gmail.com,itdLYz0A,1931-10-29,F,false
80,Ophelia@gmail.com,zEfirOqP,1955-12-11,F,false
81,Lona@gmail.com,1ULiP69n,1941-07-31,F,false
82,Mason@gmail.com,aoLoJgGX,2003-10-08,M,false
83,Spencer@gmail.com,85iFTPrU,1966-01-03,M,false
84,Noble@gmail.com,2x4qgb9G,1929-08-13,M,false
85,Pierre@gmail.com,sjufNw_5,1935-10-25,M,false
86,Author@gmail.com,SgfKQtw8,1978-09-18,M,false
87,Willa@gmail.com,9VkUI5gs,1976-06-28,F,false
88,Gussie@gmail.com,wQISGRvc,1946-06-29,F,false
89,Hans@gmail.com,Ok0eaffH,1959-11-11,M,false
90,Tobe@gmail.com,jebYVl7v,2000-06-19,M,false
91,Valentine@gmail.com,5CarO87t,1984-12-22,M,false
92,Damon@gmail.com,QkuHcMoi,2004-07-03,M,true
93,Alverta@gmail.com,Cq9AxWHz,2006-06-13,F,false
94,Lucian@gmail.com,BP4swRct,1956-12-02,M,false
95,Icy@gmail.com,tMDc6Jt6,1991-12-16,F,false
96,Delphine@gmail.com,6Xl89CH0,1980-05-19,F,false
97,Leana@gmail.com,KfnCBafu,1942-01-29,F,false
98,Dexter@gmail.com,slxjUCQl,1934-02-19,M,false
99,Clinton@gmail.com,QPkK4lHP,1984-10-18,M,false
100,Lissie@gmail.com,OrKqNleg,1926-08-22,F,false
101,Cyrus@gmail.com,HE1qrxZr,1985-07-28,M,false
102,Eola@gmail.com,Ybo0mfB8,2009-03-09,F,false
103,Margaret@gmail.com,4j5THoDe,1953-12-13,F,false
104,Hannah@gmail.com,ZfHOsxVD,1957-04-05,F,false
105,Lewie@gmail.com,DeZNHAJ7,1987-07-15,M,false
106,Una@gmail.com,EWo7Y91X,1985-11-11,F,false
107,Orval@gmail.com,M1V0y3ht,1942-01-16,M,false
108,Cassius@gmail.com,wABf9P5q,1945-06-07,M,false
109,Priscilla@gmail.com,H6CPzmMf,2004-09-30,F,false
110,Octave@gmail.com,MU0jvcAX,1990-02-20,M,false
111,Phebe@gmail.com,06dvDiMb,1987-07-27,F,false
112,Loretta@gmail.com,5IEg3W44,1953-09-02,F,false
113,Warren@gmail.com,gYp_1jjP,2005-02-11,M,false
114,Orville@gmail.com,b9ojRe42,1965-07-14,M,false
115,Melissa@gmail.com,XjkvJVwa,1999-01-02,F,false
116,Giles@gmail.com,B7K5TMwt,1938-04-15,M,false
117,Orren@gmail.com,XicGTBWg,2011-08-24,M,false
118,Eugenia@gmail.com,IBkRypkA,1990-03-23,F,false
119,Leon@gmail.com,Prhnjb5R,1987-05-31,M,false
120,Isabelle@gmail.com,zQzIumzW,1935-04-25,F,false
121,Dorsey@gmail.com,TqYTqqCq,1996-08-01,M,false
122,Marietta@gmail.com,ZaocA2BJ,1973-05-24,F,false
123,King@gmail.com,ppuZKCP3,1935-06-16,M,false
124,Salomon@gmail.com,9A7BPGof,1935-01-11,M,false
125,Emelia@gmail.com,fN2bhr0Q,1990-10-29,F,false
126,Jean@gmail.com,SmXzotxi,1950-08-06,F,false
127,Rachael@gmail.com,qq0kUszm,1980-01-02,F,false
128,Suzanne@gmail.com,BxsLy29Q,1935-04-06,F,false
129,Joseph@gmail.com,R4zSGU_Q,1977-12-27,F,false
130,Elvira@gmail.com,inNianKc,1989-05-31,F,false
131,Harvey@gmail.com,rwyVd8rH,1987-03-03,M,false
132,Steve@gmail.com,BmrNbJme,2004-09-11,M,false
133,Ephriam@gmail.com,YNxcv9zF,1928-09-21,M,false
134,Irena@gmail.com,2BJtf_y_,1976-01-21,F,false
135,Grace@gmail.com,Ynwf6h61,1937-04-09,F,false
136,Eber@gmail.com,plubSpQZ,2010-05-08,M,false
137,Belle@gmail.com,vo3rO1Pb,1984-08-16,F,false
138,Myrtle@gmail.com,8xpeJ86n,2010-03-18,F,false
139,Mintie@gmail.com,wsc80Vei,1986-04-08,F,false
140,Colonel@gmail.com,AgX6YwHr,2009-09-22,M,false
141,Emmaline@gmail.com,nQWHN0rW,1988-12-27,F,false
142,Leanna@gmail.com,uz2O0Nx6,1972-08-30,F,false
143,Jessica@gmail.com,B35TDZ5a,1977-06-21,F,false
144,Stanton@gmail.com,FYVbuCne,1934-03-26,M,false
145,Margaretta@gmail.com,mHkoxiR9,1927-07-24,F,false
146,Emmie@gmail.com,SbMAgA1d,1999-12-14,F,false
147,Sadie@gmail.com,OsjkM0yP,1943-05-27,F,false
148,Florence@gmail.com,GvgvDXw4,2008-08-19,F,false
149,Hubert@gmail.com,U87l7QDl,1985-10-27,M,false
150,Rene@gmail.com,s18etfPc,2006-08-17,M,false
151,Lauretta@gmail.com,0GnyRqbx,1966-03-26,F,false
152,Ethel@gmail.com,z16DVi3h,1930-02-23,F,false
153,Lonzo@gmail.com,KHUPiJoS,1983-01-29,M,false
154,Leroy@gmail.com,4SvC44j0,1946-01-15,M,false
155,Norris@gmail.com,jFMzACfe,1970-07-28,M,false
156,Arvilla@gmail.com,YICmjade,1946-05-10,F,false
157,Rosa@gmail.com,NJMWKBiW,1929-06-07,F,false
158,Missouri@gmail.com,wNQ2fEdG,1950-06-19,F,false
159,Patrick@gmail.com,AJAy1j2q,1934-01-04,M,false
160,Starling@gmail.com,YKNrq__5,2010-09-26,M,false
161,Janie@gmail.com,sXh1BqM9,1958-12-22,F,false
162,Herman@gmail.com,Qep6jdzh,1956-11-08,M,false
163,Joan@gmail.com,O3GLbe2F,1992-06-10,F,false
164,Rowland@gmail.com,XfYBVY6p,1975-10-26,M,false
165,Ike@gmail.com,NU0tkFS2,1952-01-03,M,false
166,Meda@gmail.com,VjMaD3pt,1942-12-15,F,false
167,Orpha@gmail.com,TpytNe0J,1997-10-19,F,false
168,Carl@gmail.com,ROPaRTwf,1958-03-03,M,false
169,Celia@gmail.com,J6Ompqtn,1955-09-07,F,false
170,Isadore@gmail.com,4mmXgnl2,1984-02-03,M,false
171,Lindsey@gmail.com,LfwbMvhk,1995-07-20,M,false
172,Elenora@gmail.com,oswSRRGM,1982-02-21,F,false
173,Hope@gmail.com,dUP6HcjT,1995-02-04,F,false
174,Thurman@gmail.com,lSdytX1D,1975-11-20,M,false
175,Kathrine@gmail.com,5oGIEtOT,1938-11-13,F,false
176,Vada@gmail.com,hIMlvbBL,1953-10-06,F,false
177,Adaline@gmail.com,3OkuDA4T,1961-11-05,F,false
178,Orla@gmail.com,SKwmwIiH,1948-12-20,M,false
179,Halsey@gmail.com,vugS08M_,1971-12-03,M,false
180,Sim@gmail.com,bMvKKzkW,1942-04-19,M,false
181,Cinda@gmail.com,egqifn8W,1945-09-10,F,false
182,Arther@gmail.com,pf245Ajn,1993-10-19,M,false
183,Mignon@gmail.com,L974m2Dk,1930-09-23,F,false
184,Elroy@gmail.com,OSLzggfh,1956-10-13,M,false
185,Gina@gmail.com,TCyOn4tp,1935-11-26,F,false
186,Clemente@gmail.com,b4rmjqUV,1957-02-17,M,false
187,Lucy@gmail.com,Jj87NcdO,1996-12-15,F,false
188,Maxwell@gmail.com,LDtn_5Zc,1951-07-04,M,false
189,Elmer@gmail.com,A1eyJb58,2006-05-07,M,false
190,Dock@gmail.com,zBg4Lju7,1954-11-17,M,false
191,Ione@gmail.com,BnfNYwRO,1946-12-21,F,false
192,Helena@gmail.com,I5Ytfzbf,1979-07-15,F,false
193,Mitchel@gmail.com,bGrmO7tK,1965-06-16,M,false
194,Travis@gmail.com,agC4A7RL,1945-03-27,M,false
195,Finley@gmail.com,Pt92Edv7,2002-07-11,M,false
196,Merrill@gmail.com,zwxRLbja,1977-10-24,M,false
197,Carolyn@gmail.com,v1B3CE4v,1933-01-12,F,false
198,Charity@gmail.com,7OwJgGY3,1942-08-24,F,false
199,Lavenia@gmail.com,L8xLzgUy,1999-09-28,F,false
200,Juanita@gmail.com,bFaNjnqN,1943-10-10,F,false
201,Cyril@gmail.com,GtAbcFbf,2005-07-23,M,false
202,Christopher@gmail.com,du68b5oT,1958-12-15,M,false
203,Gene@gmail.com,D5VYP0Ru,1952-04-21,M,false
204,Hermine@gmail.com,daNMiuDZ,1990-11-20,F,false
205,Iona@gmail.com,1JWXv8tg,1987-04-28,F,false
206,Shirley@gmail.com,D0MjRLv4,1981-02-22,F,false
207,Buford@gmail.com,8f0XZQVk,1981-06-22,M,false
208,Omie@gmail.com,yy7LICAQ,1974-02-05,F,false
209,Judson@gmail.com,2nqEr1xd,1931-06-21,M,false
210,Ruby@gmail.com,Rm76U1Iy,1944-09-24,F,false
211,Ann@gmail.com,DznEdbHz,1990-09-20,F,false
212,Russel@gmail.com,fgYN9IEb,1965-02-04,M,false
213,Sherman@gmail.com,m0oIiPQI,1928-06-03,M,false
214,Jenny@gmail.com,_Iub2ie_,1992-08-21,F,false
215,Otelia@gmail.com,LIHbU_hi,1996-06-16,F,false
216,Frona@gmail.com,pOAzOqUQ,1985-12-16,F,false
217,Authur@gmail.com,q3VYzQOP,1960-12-23,M,false
218,Imogene@gmail.com,z2ch4qWQ,1933-11-26,F,false
219,Sumner@gmail.com,MTxs2clo,1939-06-14,M,false
220,Mildred@gmail.com,eMcqz1FG,1931-09-03,F,false
221,Mathilda@gmail.com,JOygedAQ,1966-07-07,F,false
222,Alton@gmail.com,gG3IiQ5n,1990-07-04,M,false
223,Dick@gmail.com,TqnptTl3,1970-01-18,M,false
224,Mina@gmail.com,qea6We6H,1972-11-05,F,false
225,Marvin@gmail.com,WBeBqN8p,1928-01-19,M,false
226,Wilburn@gmail.com,Q452crdY,1975-08-23,M,false
227,Delila@gmail.com,rpPDvkFp,1940-01-17,F,false
228,Harman@gmail.com,ZKtd0cMY,1970-10-23,M,false
229,Bernhard@gmail.com,h1ObKoBI,2000-06-25,M,false
230,Foster@gmail.com,6jRMVNaL,1980-05-18,M,false
231,Celie@gmail.com,y_Hl7Xcy,1941-09-04,F,false
232,Indiana@gmail.com,bErK1z4J,1999-02-14,F,false
233,Madison@gmail.com,8yF7Izl_,1940-02-11,M,false
234,Lessie@gmail.com,046oamA_,1933-09-25,F,false
235,Prince@gmail.com,8Bt4TvN7,1959-02-06,M,false
236,Augustus@gmail.com,wWiG6j4e,1928-07-26,M,false
237,Dolphus@gmail.com,CCkaGgyQ,1981-05-14,M,false
238,Marjorie@gmail.com,F__DoiJf,1943-09-03,F,false
239,Louie@gmail.com,_TQaKv3J,1953-09-01,F,false
240,Anson@gmail.com,Uqf05u1i,2004-03-18,M,false
241,Dovie@gmail.com,r2pOuQbn,1996-03-06,F,false
242,Leona@gmail.com,P3Smcs8g,1931-03-30,F,false
243,Worthy@gmail.com,gyb0wDXA,1967-11-27,M,false
244,Josh@gmail.com,gRWFsAVS,1947-04-28,M,false
245,Theodore@gmail.com,rgIuENMt,1930-12-06,M,false
246,Fred@gmail.com,MVqrne6z,1977-09-25,F,false
247,Antonio@gmail.com,ITJY0hxF,2006-10-30,M,false
248,Melva@gmail.com,jkpw4xIU,2009-12-03,F,false
249,Corrine@gmail.com,QlvUbVQ7,1932-07-18,F,false
250,Crawford@gmail.com,C_UwYOoC,1944-01-18,M,false
251,Rilla@gmail.com,Woq7s8XM,1996-01-21,F,false
252,Venie@gmail.com,F3CFqlaI,2008-01-09,F,false
253,Martina@gmail.com,NBsIrXTf,1970-04-05,F,false
254,Rolland@gmail.com,NTeeIc_o,1957-11-25,M,false
255,Dove@gmail.com,yn8XpnsX,1951-10-28,F,false
256,Miner@gmail.com,1O7zopQI,1971-10-29,M,false
257,Chloe@gmail.com,pvIHJFPw,1939-02-27,F,false
258,Omer@gmail.com,Wpia_v7m,2003-02-22,M,false
259,Archibald@gmail.com,9e6Dawpf,1974-12-23,M,false
260,Ellsworth@gmail.com,c6GvUtpj,1966-03-20,M,false
261,Elizabeth@gmail.com,cHpwqg7V,1970-12-01,F,false
262,Elliot@gmail.com,gP30aM42,1980-03-15,M,false
263,Dollie@gmail.com,iB57WYxe,1947-03-15,F,false
264,Ola@gmail.com,fXr3NPVr,1960-12-11,F,false
265,Artie@gmail.com,JRIn5MzM,1966-01-29,F,false
266,Daniel@gmail.com,czJMax1h,1965-01-07,M,false
267,Linda@gmail.com,w9Z_kVUS,1975-09-20,F,false
268,Leta@gmail.com,HTWhtAUK,1938-04-15,F,false
269,Abbott@gmail.com,CnfobP08,1977-01-28,M,false
270,Archie@gmail.com,2W3KGBUC,1995-05-10,M,false
271,Miriam@gmail.com,wamzFOBx,1948-07-11,F,false
272,Dessa@gmail.com,N3fHyGLW,2004-10-14,F,false
273,Santos@gmail.com,h87EspFs,1986-11-07,M,false
274,Colin@gmail.com,AQw_22oL,1953-07-14,M,false
275,Ole@gmail.com,2Eaa8Iq7,1993-05-11,M,false
276,Walter@gmail.com,1WlsAZso,1959-04-07,F,false
277,Redden@gmail.com,jBbR_hAC,1934-12-21,M,false
278,Lavern@gmail.com,ewHVAZsI,1952-01-12,M,false
279,Dixie@gmail.com,trd3pFH1,1947-03-26,F,false
280,Dillard@gmail.com,WOOqCV1A,1930-04-12,M,false
281,Matthias@gmail.com,C7byHTG8,1988-12-05,M,false
282,Lincoln@gmail.com,LNkfJnxi,1970-05-17,M,false
283,Permelia@gmail.com,0RJsiUr7,2003-06-03,F,false
284,Isadora@gmail.com,oa4s4Uwc,1973-05-31,F,false
285,Wes@gmail.com,LIMowyzb,1949-01-25,M,false
286,Hallie@gmail.com,gpWviZeA,1995-07-01,F,false
287,Baldwin@gmail.com,z45YAu3L,1964-07-16,M,false
288,Tillie@gmail.com,YtRwCtKX,1941-12-07,F,false
289,Jennie@gmail.com,0wLMrbVt,1977-07-30,F,false
290,Clint@gmail.com,HgxCoWuL,1975-08-13,M,false
291,Rosetta@gmail.com,fKSWkOyd,2002-04-20,F,false
292,Darius@gmail.com,cVta1NUa,1961-06-16,M,false
293,Hiram@gmail.com,LqSwJSre,2000-01-26,M,false
294,Reba@gmail.com,BasCcVcB,1938-02-09,F,false
295,Etha@gmail.com,ZYXdf6xb,1970-09-27,F,false
296,Anne@gmail.com,QTCsqwu_,1970-06-24,F,false
297,Arlington@gmail.com,YT8sDuA9,1982-10-11,M,false
298,Geraldine@gmail.com,I9fVql0j,1950-07-27,F,false
299,Alonza@gmail.com,4HZFRTGa,1981-12-06,M,false
300,Annis@gmail.com,4rCSHvmG,1926-10-08,F,false
301,Victor@gmail.com,yLUjUWnV,1943-05-24,M,false
302,Philomena@gmail.com,GausZViY,1942-08-11,F,false
303,Emery@gmail.com,gaQHCTCJ,1974-10-08,M,false
304,Tomas@gmail.com,OS4tkZka,1971-11-01,M,false
305,Rutherford@gmail.com,WPz7_hn9,1998-08-10,M,false
306,Jake@gmail.com,LQkQdviJ,1981-07-23,M,true
307,Thad@gmail.com,Em8sl4EY,1953-05-28,M,false
308,Juana@gmail.com,RhwMXpBt,2000-01-13,F,false
309,Simon@gmail.com,MB3DiBlT,2003-07-05,M,false
310,Willie@gmail.com,Dji7jdVX,1928-08-13,F,false
311,Isiah@gmail.com,aTNYhXTz,1964-12-14,M,false
312,Tony@gmail.com,MnZ9_1v7,1961-10-30,M,false
313,Regina@gmail.com,RYaq3nOc,1934-08-19,F,false
314,Lionel@gmail.com,1buHduzR,1968-08-05,M,false
315,Roswell@gmail.com,fhjSvWNx,1935-01-16,M,false
316,Savannah@gmail.com,PiZX4T31,1976-11-04,F,false
317,Lavina@gmail.com,5OVBuevn,1943-07-03,F,false
318,Jacob@gmail.com,Qgt0pE9v,1932-12-29,M,false
319,Zeb@gmail.com,_KpYzl0E,1988-11-19,M,false
320,Katy@gmail.com,g6iV5tJa,1929-11-12,F,false
321,Larry@gmail.com,s4N2TsDx,1977-12-27,M,false
322,Elam@gmail.com,dzqcn14j,2009-08-25,M,false
323,Abner@gmail.com,o1osxXFK,1933-09-23,M,false
324,Quincy@gmail.com,qx7ucBME,1992-03-09,M,false
325,Malachi@gmail.com,fn6YCddQ,1934-07-04,M,false
326,Sanford@gmail.com,nCW4k4TM,1999-11-22,M,false
327,Orley@gmail.com,lEH2EEQV,1969-07-09,M,false
328,Lloyd@gmail.com,5lfNn8xP,1967-07-18,M,false
329,Selma@gmail.com,yldyD4GL,1937-07-25,F,false
330,Porter@gmail.com,p1YNvPtP,1932-01-13,M,false
331,Israel@gmail.com,b0bxz6RG,1975-12-18,M,false
332,Adina@gmail.com,lH_2Xw9p,1993-09-08,F,false
333,Luis@gmail.com,m5U6AcAe,2008-11-06,M,false
334,Etta@gmail.com,UWNvgNz7,2002-08-20,F,false
335,Chas@gmail.com,tW84lyUU,1944-05-17,M,false
336,Lenore@gmail.com,JvbCEAfA,2002-08-02,F,false
337,Osborne@gmail.com,1PbP3aRs,1999-02-11,M,false
338,Merle@gmail.com,jULmjp8g,1976-06-02,F,false
339,Dan@gmail.com,419QPc_a,1971-05-14,M,false
340,Mima@gmail.com,dVHD3Dw8,1992-08-10,F,false
341,Clark@gmail.com,vlovo27I,1979-02-27,M,false
342,Jonathan@gmail.com,3X4DpLxC,1963-08-14,M,false
343,Alda@gmail.com,4IX4lqNv,1951-01-08,F,false
344,Kit@gmail.com,_M5auIV7,1945-04-12,M,false
345,Duncan@gmail.com,H3TocI_i,1985-04-23,M,false
346,Cleveland@gmail.com,SWolSONd,2002-04-16,M,false
347,Janet@gmail.com,BEYvX5vK,1946-02-27,F,false
348,Phillip@gmail.com,XfVPZye5,1948-01-30,M,false
349,Cary@gmail.com,OlqdexY3,1989-12-30,M,false
350,Gustaf@gmail.com,w8knxkK1,1935-05-27,M,false
351,Adelle@gmail.com,TR4KFyCg,2001-03-04,F,false
352,Letha@gmail.com,Lay1Q2EG,1934-06-09,F,false
353,Helene@gmail.com,1QGvuaDb,1946-07-03,F,false
354,Thea@gmail.com,dNo6OPPI,1956-07-18,F,false
355,Dennis@gmail.com,O9MkHATw,1988-01-02,M,false
356,Marion@gmail.com,F_JdJXKI,1999-09-15,F,false
357,Duke@gmail.com,qWyYrDtR,1942-10-03,M,false
358,Lida@gmail.com,rVYEg1ZL,1935-12-01,F,false
359,Geneva@gmail.com,T5bLym6F,1943-11-11,F,false
360,Letty@gmail.com,jeFfaxjh,1995-01-17,F,false
361,Pierce@gmail.com,HUivL4M2,1947-03-26,M,false
362,Otha@gmail.com,WZMyDH10,1994-10-26,M,false
363,Llewellyn@gmail.com,c23Ngz9O,1951-12-11,M,false
364,Evaline@gmail.com,hB9hKT0m,1945-06-21,F,false
365,Alvin@gmail.com,TXadRw9u,1969-04-19,M,false
366,Berta@gmail.com,tWwEyT_1,1934-11-05,F,false
367,Wylie@gmail.com,4DVSxnKX,2007-07-11,M,false
368,Bishop@gmail.com,Qb3ZsHhi,1971-04-15,M,false
369,Jess@gmail.com,s5I8VyR7,1931-10-23,M,false
370,Golden@gmail.com,lmoOZE8Y,1951-04-14,M,false
371,Samuel@gmail.com,u7cP4wuy,1960-11-26,M,false
372,Manley@gmail.com,HP_DSQjq,1987-06-21,M,false
373,Bird@gmail.com,4Pw4zVeS,1928-01-09,F,false
374,Alys@gmail.com,Dl4oHwbq,1943-06-30,F,false
375,Samantha@gmail.com,m_4ZLIWQ,2005-10-25,F,false
376,Agustus@gmail.com,Jti775yZ,1971-05-03,M,false
377,Vann@gmail.com,cR1KxcHh,1946-09-11,M,false
378,Louvenia@gmail.com,TN0zBMON,2004-02-02,F,false
379,Solomon@gmail.com,A4ozg2cT,1975-09-12,M,false
380,Johnny@gmail.com,ZXpqUgI2,1955-11-17,M,false
381,Watson@gmail.com,vl0tUrsC,1949-06-12,M,false
382,Alpha@gmail.com,8PtRIyx9,1951-01-04,F,false
383,Nora@gmail.com,H1igATsE,1931-04-02,F,false
384,Polly@gmail.com,7Y6bEOnF,1952-04-19,F,false
385,Ava@gmail.com,ad17L3Fv,1968-08-15,F,false
386,Dellar@gmail.com,DFdYoZyB,2009-01-16,F,false
387,Perry@gmail.com,bLsjkCzf,1967-10-02,M,false
388,Lina@gmail.com,KWAJGQ5F,1991-03-12,F,false
389,Agnes@gmail.com,6pDzLAPC,1982-08-19,F,false
390,Effie@gmail.com,JrmVq7jB,1944-08-23,F,false
391,Allan@gmail.com,EQOC8VrL,1934-07-07,M,false
392,Harry@gmail.com,cpFDlQji,1935-02-26,F,false
393,Waldo@gmail.com,y9yORh7n,1942-12-12,M,false
394,Concepcion@gmail.com,7DwdqfJ4,2004-01-28,F,false
395,Donnie@gmail.com,xJbSotCg,1941-10-25,F,false
396,Harley@gmail.com,PyzhDUqe,1947-09-23,M,false
397,Ezekiel@gmail.com,4LbVf_GJ,1986-05-11,M,false
398,Malvina@gmail.com,n9CNi6Mh,2001-09-28,F,false
399,Dena@gmail.com,UPCGzKxz,1974-01-27,F,false
400,Zoa@gmail.com,TPqFRrJF,1938-03-05,F,false
401,Chin@gmail.com,KCyQKKkL,1933-02-25,M,false
402,Ivah@gmail.com,xpoj1Bqz,1938-09-19,F,false
403,Emily@gmail.com,vN10834I,1975-01-02,F,false
404,Sena@gmail.com,y0ttDeCz,2005-04-20,F,false
405,Cynthia@gmail.com,2BdSEpx_,1998-10-14,F,false
406,Solon@gmail.com,7cyn7ezP,2011-04-18,M,false
407,Sybilla@gmail.com,9HEyGTIq,1965-07-19,F,false
408,Ivan@gmail.com,JLz293QG,1988-05-16,M,false
409,Delos@gmail.com,4fA8MEW2,1964-08-12,M,false
410,Bernice@gmail.com,jlX59hcT,1963-03-30,F,false
411,Luvenia@gmail.com,KHMtsy80,1995-11-15,F,false
412,Bradford@gmail.com,gquIzLq8,1964-12-09,M,false
413,Esau@gmail.com,7e4dngyd,1967-08-19,M,false
414,Eric@gmail.com,RQcI162o,1963-05-05,M,false
415,Jeremiah@gmail.com,mcZuNsNK,1952-07-26,M,false
416,Ona@gmail.com,hREWBbCH,1946-05-14,F,false
417,Tennessee@gmail.com,VALtwkhD,1957-04-28,F,false
418,Freddie@gmail.com,_QGQxaGC,1989-08-25,F,false
419,Sammie@gmail.com,7ud0YhEt,1983-07-26,F,false
420,Douglas@gmail.com,0PDy3uz3,2003-03-16,M,false
421,Elihu@gmail.com,GlvrfJ9Y,1954-08-19,M,false
422,Adolf@gmail.com,w0nD8a16,1939-03-27,M,false
423,Nell@gmail.com,ekFP_0Xg,1995-03-21,F,false
424,Idell@gmail.com,xj1bzhhI,2004-02-04,F,false
425,Arthur@gmail.com,hfUolV1W,1978-12-22,F,false
426,Ephraim@gmail.com,OkY5Kv07,1927-10-09,M,false
427,Warner@gmail.com,ser3YWnq,1975-04-20,M,false
428,Catharine@gmail.com,jyXaPy6T,1965-09-15,F,false
429,Kittie@gmail.com,Qbqba2CM,2001-06-05,F,false
430,Millicent@gmail.com,YchDJs_O,2009-01-17,F,false
431,Truman@gmail.com,qoffPIC1,1994-07-27,M,false
432,Edmund@gmail.com,HfN0TOch,1929-09-04,M,false
433,Sheppard@gmail.com,xJk6ZnDp,1991-09-16,M,false
434,Evie@gmail.com,DKDkkE8L,2003-08-18,F,false
435,Wilmer@gmail.com,dfxmnG4Y,2006-02-06,M,false
436,Honora@gmail.com,j9JCcHZk,2004-05-14,F,false
437,Roseanna@gmail.com,bnVS0tVt,1975-09-03,F,false
438,Roland@gmail.com,3Y0nw9LD,1953-06-16,M,false
439,Worth@gmail.com,fv3ko3x4,1946-10-22,M,false
440,Benjamin@gmail.com,0LESpTvP,1978-01-06,M,false
441,Charlotte@gmail.com,PjqNiV4t,1978-07-07,F,false
442,Adam@gmail.com,WlPd8Qbn,1930-04-09,M,false
443,Fate@gmail.com,RJXVMWRe,1993-04-11,M,false
444,Press@gmail.com,lmsuHLI_,1978-06-04,M,false
445,Bess@gmail.com,kGtTyfJm,1982-01-16,F,false
446,Araminta@gmail.com,S2LhPwnf,1940-01-18,F,false
447,Elisabeth@gmail.com,7h2AaeB_,2011-06-12,F,false
448,Lyman@gmail.com,RO3B5Ic3,1948-04-23,M,false
449,Steven@gmail.com,wi4NI4zx,1951-04-27,M,false
450,Molly@gmail.com,5aXvUq7T,1971-12-09,F,false
451,Margarette@gmail.com,677ivPFp,1985-11-05,F,false
452,Jettie@gmail.com,23imGfwB,1990-11-15,F,false
453,Lulu@gmail.com,iRlrXa_G,1977-11-25,F,false
454,Justus@gmail.com,2kzXyiQ9,1949-08-08,M,false
455,Gregory@gmail.com,ncDGLugs,1987-05-29,M,false
456,Nick@gmail.com,8skvCJTD,1939-04-05,M,false
457,Gordon@gmail.com,ZKhiu2le,1926-10-10,M,false
458,Cordia@gmail.com,TzwE5AFf,1985-07-29,F,false
459,Texas@gmail.com,W0VDV9wu,2000-01-17,F,false
460,Caleb@gmail.com,cPH9UVuT,1997-07-19,M,false
461,Van@gmail.com,OTifxn4Q,1994-11-25,M,false
462,Auther@gmail.com,_f9TM3DP,1927-04-13,M,false
463,Duff@gmail.com,MWgdzgMQ,1929-10-30,M,false
464,Luella@gmail.com,GX0t1ia3,2005-05-04,F,false
465,Augustin@gmail.com,hYSWWMkr,2009-08-09,M,false
466,Arch@gmail.com,_qPB1tp4,1980-12-15,M,false
467,Lynn@gmail.com,OdfqjJs8,1946-11-04,F,false
468,Onie@gmail.com,rr9vKd_L,1945-09-04,F,false
469,Lenora@gmail.com,sP15C5gj,1986-09-13,F,false
470,Clemie@gmail.com,8NYKNOVi,1977-11-07,F,false
471,Loyd@gmail.com,CsLpFX4f,1927-06-16,M,false
472,Aden@gmail.com,x0NIErk0,1968-09-25,M,false
473,Kathryne@gmail.com,sjTpjmSq,1936-04-16,F,false
474,Pearl@gmail.com,ONHt771K,2000-02-10,F,false
475,Magdalena@gmail.com,T7dUYyIR,1947-09-21,F,false
476,Frieda@gmail.com,xEatj5hd,2005-04-20,F,false
477,Leo@gmail.com,kEWLkWWW,2006-06-03,F,false
478,Gee@gmail.com,5Dx9sVWn,1974-12-04,M,false
479,Inez@gmail.com,Z7kfgESO,1957-04-19,F,false
480,Don@gmail.com,9IMiNGxG,1958-02-23,M,false
481,Cal@gmail.com,9kRbDnUT,1984-08-27,M,false
482,Kathleen@gmail.com,RMUI6liA,1927-04-17,F,false
483,Fronnie@gmail.com,t82k0po7,1974-03-03,F,false
484,Minnie@gmail.com,XBaE1K3O,1988-05-07,F,true
485,Gertie@gmail.com,enNF48Je,1960-07-22,F,false
486,Adella@gmail.com,kFL67OC4,1928-11-17,F,false
487,Fritz@gmail.com,JmChS3qS,1994-12-25,M,false
488,Ethyl@gmail.com,pESovfac,1982-08-04,F,false
489,Johanna@gmail.com,zaXiWVXK,1938-10-17,F,false
490,Al@gmail.com,izLm9w8V,1966-12-06,M,false
491,Edna@gmail.com,_M8_OfvP,2000-05-05,F,false
492,Erie@gmail.com,B2pZFKjF,1982-05-01,F,false
493,Vallie@gmail.com,qdEQhVVC,1978-02-06,F,false
494,Iola@gmail.com,d1O5uKpn,2006-10-25,F,false
495,Gustave@gmail.com,KGLWnCqo,1948-07-25,M,false
496,Berton@gmail.com,oHnIy36P,1939-06-30,M,false
497,Aloysius@gmail.com,4wm6IsOt,1949-10-22,M,false
498,Celina@gmail.com,XwvB9inA,1949-10-21,F,false
499,Jossie@gmail.com,gRyhoLvD,1979-06-04,F,false
500,Merton@gmail.com,WvvLGPTM,1948-10-13,M,false
501,Lular@gmail.com,ekR3NSSI,1969-03-10,F,false
502,Anna@gmail.com,JBi005Es,1950-03-26,F,false
503,Fredrick@gmail.com,4lV318ac,1994-12-01,M,false
504,Granville@gmail.com,6OPbWTJz,1969-09-05,M,false
505,Beatrice@gmail.com,MAJDCgRe,1972-06-24,F,false
506,Doshie@gmail.com,C6j3ZPBo,1982-06-04,F,false
507,Mertie@gmail.com,EbK0Og8B,1996-03-02,F,false
508,Hardie@gmail.com,t09pcJ75,1964-12-26,M,false
509,Alberta@gmail.com,1NAdqLgt,1988-10-26,F,false
510,Sam@gmail.com,gN19UTmm,1962-08-02,M,false
511,Julie@gmail.com,3jw_COmA,2011-12-10,F,false
512,Yetta@gmail.com,QPmDPArZ,1940-02-17,F,false
513,Byron@gmail.com,QW0xZUxs,1943-08-20,M,false
514,Annabel@gmail.com,8c2u9qmt,1971-10-05,F,false
515,Jackson@gmail.com,p_TyDzva,1999-09-28,M,false
516,Kelly@gmail.com,Pc85qWWA,1941-08-28,M,false
517,Ludwig@gmail.com,qKIQBjlS,1973-02-06,M,false
518,Delia@gmail.com,WmqWbebN,1955-10-15,F,false
519,Dillie@gmail.com,FqB5e1Tv,1977-11-17,F,false
520,Williams@gmail.com,olMI9vTM,1946-07-11,M,false
521,York@gmail.com,CcdMjRsP,1955-03-21,M,false
522,Almeda@gmail.com,Ne2ogF6u,1956-02-05,F,false
523,Ben@gmail.com,qXehmBjw,1936-01-14,M,false
524,Rudolph@gmail.com,oHzbjZW6,2010-06-20,M,false
525,Homer@gmail.com,0vqKawfx,1986-06-08,M,false
526,Palmer@gmail.com,xL7DApP1,2009-12-14,M,false
527,Hardy@gmail.com,EYaqrtsG,2004-12-28,M,false
528,Wilton@gmail.com,5Io1wQbh,1989-10-18,M,false
529,Annabelle@gmail.com,e30ePk61,1930-01-08,F,false
530,Julian@gmail.com,AhCDerHy,1937-07-21,M,false
531,Cordelia@gmail.com,Ku7xmI7v,1973-03-21,F,false
532,Montgomery@gmail.com,PdUshYlZ,1979-08-28,M,false
533,Nancy@gmail.com,1pzxl10s,1968-08-03,F,false
534,Tishie@gmail.com,HOmedu7l,1997-09-08,F,false
535,Hilda@gmail.com,hKK2d92Z,1937-04-24,F,false
536,Rolla@gmail.com,oyjjVzo_,1991-02-01,M,false
537,Byrd@gmail.com,FzxN2ToP,2007-11-14,F,false
538,Lennie@gmail.com,_fJsMsPc,1986-12-30,F,false
539,Clemmie@gmail.com,2n1dAS2S,1945-01-06,F,false
540,Milford@gmail.com,VVuXVhSy,1991-10-01,M,false
541,Lawson@gmail.com,Ze6GbP6x,1985-04-30,M,false
542,Caddie@gmail.com,k8kDoBbR,1966-06-11,F,false
543,Albion@gmail.com,EGz189yL,1978-12-19,M,false
544,Guadalupe@gmail.com,p6nvu2Vy,1926-11-11,F,false
545,Octavia@gmail.com,3_omLP5A,1937-03-02,F,false
546,Felipe@gmail.com,wuOT95tC,1981-02-02,M,false
547,Elizebeth@gmail.com,2BzRuJHi,1933-03-06,F,false
548,Emil@gmail.com,fjWLEqPs,1998-11-11,M,false
549,Irene@gmail.com,EXs3TBx8,1959-05-29,F,false
550,Benjamine@gmail.com,NmmOiAwG,1959-03-16,M,false
551,Alvena@gmail.com,fAPssRSZ,1946-05-07,F,false
552,Price@gmail.com,nSoc1Rab,1943-03-21,M,false
553,Jeff@gmail.com,8lqiM9uM,2007-12-30,M,false
554,Nolia@gmail.com,I67YtHjt,1977-06-13,F,false
555,Ransom@gmail.com,gRCukEW8,1960-05-28,M,false
556,Jack@gmail.com,KARBQrsA,1966-02-22,M,false
557,Geo@gmail.com,7dNfMkyZ,1936-10-26,M,false
558,Miller@gmail.com,6eQul19V,1964-01-10,M,false
559,Juan@gmail.com,pTvlxCkY,1964-03-07,M,false
560,Nelle@gmail.com,2PkPnwa2,1976-08-05,F,false
561,Curtis@gmail.com,_0UCgihM,1936-05-27,M,false
562,Bill@gmail.com,K7eia1ZF,1937-06-18,M,false
563,Zack@gmail.com,jGE0qtjx,1934-05-19,M,false
564,Manford@gmail.com,e4wv6P1D,1989-05-19,M,false
565,Ena@gmail.com,7dlLX7IA,1999-02-03,F,false
566,Rita@gmail.com,ixp9bJAy,1987-03-10,F,false
567,Rhoda@gmail.com,_XnGu0VZ,1936-09-03,F,false
568,Barney@gmail.com,GebOXqza,1926-11-20,M,false
569,Ora@gmail.com,8RwVTVKz,1950-05-28,F,false
570,Inga@gmail.com,b9T0YdWf,1955-02-20,F,false
571,Dosha@gmail.com,D5y3Wn0a,1935-01-15,F,false
572,Lillie@gmail.com,mnCt71g9,1962-02-23,F,false
573,Carol@gmail.com,e5WrPCT_,1941-06-05,F,false
574,Rae@gmail.com,7PeqTyTB,1948-09-23,F,false
575,Myrtie@gmail.com,639SGMVc,1948-03-04,F,false
576,Lora@gmail.com,ewCCkhye,1967-06-17,F,false
577,Alec@gmail.com,z4MPPIJK,1940-05-22,M,false
578,Andy@gmail.com,vTrjyLf6,1982-03-14,M,false
579,Sally@gmail.com,DdCRW7SD,1994-05-22,F,false
580,Ruth@gmail.com,2_AvL2ht,1970-04-21,F,false
581,Zona@gmail.com,F1JaQMLg,1985-08-09,F,false
582,Wilbur@gmail.com,08I4xCI2,1956-11-24,M,false
583,Charlie@gmail.com,l_uaTAAh,1990-05-10,M,false
584,Winifred@gmail.com,4B7i2zpl,1976-07-02,F,false
585,Clarke@gmail.com,Dkz2uhcN,1946-11-12,M,false
586,Stacy@gmail.com,ntDQkD7A,1945-02-06,M,false
587,Ward@gmail.com,UtZHbzV_,1935-06-24,M,false
588,Aimee@gmail.com,vgSKrsei,1968-08-22,F,false
589,Cliff@gmail.com,MqkYjKEN,1981-08-10,M,false
590,Prudence@gmail.com,kAg3D_tz,1934-06-19,F,false
591,Bud@gmail.com,R5PmzjwZ,2006-08-27,M,false
592,Curt@gmail.com,F2Cm7IuA,1947-09-24,M,false
593,Sula@gmail.com,jKQLvehN,1955-07-22,F,false
594,Blanche@gmail.com,AAEN6tgK,1955-10-31,F,false
595,Harve@gmail.com,rxj6kSa4,1978-02-04,M,false
596,Leander@gmail.com,oz3sRAQ6,1993-01-06,M,false
597,Anita@gmail.com,FvOQAQSg,1955-01-09,F,false
598,Aubrey@gmail.com,m_XN9po8,1936-12-26,M,false
599,Magnolia@gmail.com,sgKiUPVs,1928-11-01,F,false
600,Billie@gmail.com,slgOrpYT,1941-11-15,M,false
601,Cruz@gmail.com,o4cCdIr9,1965-12-11,M,false
602,Annette@gmail.com,esgsFpX_,1976-06-16,F,false
603,Howard@gmail.com,Hlp5jF3f,1949-01-26,M,false
604,Catherine@gmail.com,RdlWBSbn,1972-10-18,F,false
605,Lanie@gmail.com,NrKgnS6I,1988-07-01,F,false
606,Abraham@gmail.com,jJ0WzfXv,1959-08-11,M,false
607,Alyce@gmail.com,pndob6cH,1949-06-29,F,false
608,Evalyn@gmail.com,h69tpRNR,1972-07-10,F,false
609,Maybelle@gmail.com,dKRfiBCX,1953-02-14,F,false
610,Erma@gmail.com,Ja0JLlLH,1931-10-24,F,false
611,Adele@gmail.com,29C6kTwO,1956-11-12,F,false
612,Emmet@gmail.com,RzBPGo7Z,1973-02-02,M,false
613,Benito@gmail.com,inf_J6JN,1944-07-13,M,false
614,Justice@gmail.com,ue7JHBOB,1929-01-17,M,false
615,Roscoe@gmail.com,9ux4GZBw,1992-02-26,M,false
616,Minerva@gmail.com,jiqKbOC6,1957-08-28,F,false
617,Glen@gmail.com,gqtnF9FQ,1955-03-04,M,false
618,Anastacio@gmail.com,e2MECLaY,1955-09-14,M,false
619,Lonnie@gmail.com,kJziNg5I,1984-10-25,F,false
620,Rosina@gmail.com,E4TmvvMv,1983-10-13,F,false
621,Nena@gmail.com,m0B0WOZL,1935-10-16,F,false
622,Herbert@gmail.com,Pr12HqJd,1999-07-05,M,false
623,Evans@gmail.com,qYyDswEU,1928-07-17,M,false
624,Adelbert@gmail.com,5ITrIh5a,1931-01-03,M,false
625,Enos@gmail.com,D9p7GrUZ,1940-07-16,M,true
626,Smith@gmail.com,xv9oTeMz,1996-09-01,M,false
627,Leola@gmail.com,ki_FlxkP,1987-11-05,F,false
628,Eleanor@gmail.com,iwVDxfs9,1960-06-23,F,false
629,Grover@gmail.com,pRV0AJch,2003-09-14,M,false
630,Hillard@gmail.com,iVaBPCsy,1940-07-27,M,false
631,Asher@gmail.com,GT0iW2rX,1945-10-12,M,false
632,Loren@gmail.com,xIfWtN5H,2006-07-30,M,false
633,Sandy@gmail.com,TDv36rF9,2000-02-20,M,false
634,Yee@gmail.com,cp_Y3HPE,1948-12-23,M,false
635,Maudie@gmail.com,l0oDIMa3,1931-12-18,F,false
636,Augustine@gmail.com,8QQbaJEN,2002-10-23,F,false
637,Julius@gmail.com,tiw6I490,1945-04-11,M,false
638,Leslie@gmail.com,yTQ4Pkx4,2009-01-30,F,false
639,Sada@gmail.com,7Yn2uL8R,1957-10-22,F,false
640,Lenard@gmail.com,sYyjnRc3,1974-01-20,M,false
641,Patsy@gmail.com,iftaHswG,1984-03-12,F,false
642,Daisie@gmail.com,EGKV_Uev,1994-11-14,F,false
643,Hettie@gmail.com,eRmYeLNs,1937-04-11,F,false
644,Rice@gmail.com,ddQmvOwF,1951-12-24,M,false
645,Zella@gmail.com,xhkFE26G,1977-02-26,F,false
646,Isabell@gmail.com,hO8VdP6_,1998-04-08,F,false
647,Morgan@gmail.com,LHS__Upb,1981-09-20,M,false
648,Firman@gmail.com,ly752C6p,1933-11-10,M,false
649,Delphia@gmail.com,1EGHhaQB,1968-06-19,F,false
650,Viva@gmail.com,59v1GTw1,1975-09-24,F,false
651,Lee@gmail.com,K6_Igav9,1999-05-16,F,false
652,Timothy@gmail.com,ADs6FQeN,2010-05-09,M,false
653,Isom@gmail.com,EchMFCBg,1977-11-17,M,false
654,Soloman@gmail.com,rNG0Hi4b,1994-03-20,M,false
655,Berry@gmail.com,mj3rhPre,1994-05-11,M,false
656,Frederick@gmail.com,7wo0FRkl,1959-02-03,M,false
657,Alvie@gmail.com,Avzdeaag,1992-08-21,M,false
658,Frances@gmail.com,rcjUapzW,1994-09-27,F,false
659,Elsa@gmail.com,aQXQr1xj,1937-01-14,F,false
660,Candido@gmail.com,_P4ow3rx,1956-10-30,M,false
661,Nat@gmail.com,MVQ46tkN,2006-01-30,M,false
662,Burton@gmail.com,vrN_z9oI,2008-08-04,M,false
663,Blanch@gmail.com,MEf8TIUV,1985-12-24,F,false
664,Mace@gmail.com,mVsLQ8JB,2000-04-08,M,false
665,Leda@gmail.com,wxg0qbFy,1937-05-15,F,false
666,Wayne@gmail.com,NQxchI5Z,1938-08-20,M,false
667,Laura@gmail.com,E4Qj2GJy,1958-07-08,F,false
668,Joeseph@gmail.com,XpkBjE4R,1961-02-14,M,false
669,Elda@gmail.com,jwqPFUFo,1969-03-04,F,false
670,Tabitha@gmail.com,aOaw5oRw,2008-07-07,F,false
671,Uriah@gmail.com,GhIcE5Mz,1930-01-03,M,false
